Feature,Importance
OverallQual,0.556909418390341
GrLivArea,0.166757833907877
TotalBsmtSF,0.09038131145376435
LotArea,0.06159520556377828
YearBuilt,0.05535630938512311
1stFlrSF,0.03702530839254182
GarageCars,0.02540301885590959
FullBath,0.0065715940506648205
