Model,Train R²,Test R²,Test RMSE,Test MAE
Random Forest,0.9770755233505811,0.819399677977772,23967.825230698625,17114.8638792517
Ridge Regression,0.7667236252376103,0.8139119102513194,24329.246460736573,18080.225862143812
Linear Regression,0.7667395314609585,0.8138211753919283,24335.177097497715,18095.954035178725
