Model,Clusters,Silhouette Score,Davies-Bouldin Index,Calinski-Harabasz Index
K-Means,3,0.17684532918016807,2.18245141656376,429.23691933578
Hierarchical,3,0.19473470003716356,2.290382403372826,358.89033871871146
DBSCAN,12,,,
