Approach,MAE,RMSE
KNN,0.34043887592371813,0.34729641709893644
NMF,0.34043887592371813,0.34729641709893644
Neural Network,0.06953542844651846,0.08888766697062542
