Model,Accuracy,F1-Score,Best
LSTM,0.8212551699334653,0.8212924239427924,No
CNN,0.9512677575975544,0.9512483827740057,Yes
Dense MLP,0.9462326919618773,0.9461018422292358,No
